ts,eye_off_center,blink,head_pitch,head_yaw
1755138788.622925,0.1,0,-3.468229258917148,-3.609375
1755138788.651245,0.1,0,-4.059346364799254,-3.5390625
1755138788.6855822,0.09296875,0,-1.5650690855922562,-3.5625
1755138788.718418,0.09140625,0,-0.6295986084102623,-3.5625
1755138788.7518451,0.090625,0,-0.31308857502065734,-3.5625
1755138788.786388,0.090625,0,-0.3148088073890989,-3.5625
1755138788.818354,0.08984375,0,-0.3148088073890989,-3.5390625
1755138788.851598,0.08984375,0,-0.3183066114513622,-3.515625
1755138788.885211,0.08984375,0,-0.6330767714311349,-3.5390625
1755138788.9188852,0.08984375,0,0.0,-3.5390625
1755138788.951711,0.08984375,0,-0.3148088073890989,-3.5390625
1755138788.9852722,0.08984375,0,-0.31308857502065734,-3.5390625
1755138789.018021,0.09140625,0,0.0,-3.5390625
1755138789.05148,0.0921875,0,-0.6295986084102623,-3.5625
1755138789.084627,0.0921875,0,-0.6295986084102623,-3.5390625
1755138789.11831,0.09296875,0,-0.31654804727300245,-3.5859375
1755138789.151884,0.09296875,0,-0.6295986084102623,-3.5859375
1755138789.184785,0.09375,0,-0.6295986084102623,-3.5625
1755138789.2189388,0.09375,0,-0.3148088073890989,-3.5625
1755138789.251487,0.09453125,0,-0.6227556872063218,-3.5859375
1755138789.2848861,0.09453125,0,-0.31308857502065734,-3.609375
1755138789.3180559,0.09453125,0,-0.6295986084102623,-3.609375
1755138789.351263,0.0953125,0,-0.6261584535351972,-3.5859375
1755138789.3839738,0.09609375,0,-0.6261584535351972,-3.609375
1755138789.42049,0.096875,0,-0.31308857502065734,-3.6328125
1755138789.4511979,0.096875,0,-0.31654804727300245,-3.6328125
1755138789.484739,0.09453125,0,-0.6261584535351972,-3.609375
1755138789.520328,0.09453125,0,-0.3148088073890989,-3.6328125
1755138789.553643,0.09453125,0,-0.31654804727300245,-3.609375
1755138789.587146,0.0953125,0,-0.6295986084102623,-3.6328125
1755138789.6179001,0.09453125,0,-0.31308857502065734,-3.6328125
1755138789.654633,0.0953125,0,-0.31308857502065734,-3.6796875
1755138789.687685,0.09453125,0,-0.31308857502065734,-3.6796875
1755138789.7211719,0.09609375,0,-0.9391909457355752,-3.6796875
1755138789.7533178,0.0953125,0,-0.31308857502065734,-3.6796875
1755138789.7882812,0.09765625,0,-0.3148088073890989,-3.6328125
1755138789.8221161,0.10078125,0,-0.31654804727300245,-3.5859375
1755138789.856114,0.10078125,0,0.0,-3.609375
1755138789.891019,0.1046875,0,-0.31308857502065734,-3.6328125
1755138789.9252522,0.10625,0,-0.3148088073890989,-3.6328125
1755138789.9578261,0.10703125,0,-0.6330767714311349,-3.7265625
1755138789.992137,0.10234375,0,-0.3148088073890989,-3.65625
1755138790.0267441,0.1046875,0,-0.6365935759634738,-3.65625
1755138790.0610209,0.0984375,0,-0.6365935759634738,-3.5625
1755138790.093409,0.10078125,0,-0.3183066114513622,-3.6328125
1755138790.12654,0.1109375,0,-0.6365935759634738,-3.6796875
1755138790.1571908,0.10625,0,-0.6365935759634738,-3.7734375000000004
1755138790.191723,0.10859375,0,-0.31654804727300245,-3.796875
1755138790.224461,0.109375,0,-0.31308857502065734,-3.8203125
1755138790.259576,0.109375,0,-0.9391909457355752,-3.8906250000000004
1755138790.293037,0.11015625,0,-0.9495668564358084,-3.8906250000000004
1755138790.326644,0.1109375,0,-0.9391909457355752,-3.8906250000000004
1755138790.3602922,0.11015625,0,-1.2590452071752622,-3.8906250000000004
1755138790.3950012,0.11015625,0,-0.9443504035796337,-3.8906250000000004
1755138790.425212,0.11015625,0,-0.9443504035796337,-3.9140625
1755138790.4553201,0.11015625,0,-0.6261584535351972,-3.9140625
1755138790.488075,0.1109375,0,-0.6261584535351972,-3.9140625
1755138790.521089,0.11171875,0,-0.6295986084102623,-3.9140625
1755138790.5529459,0.11171875,0,-0.6330767714311349,-3.9375
1755138790.5866508,0.1125,0,-1.2521673752038396,-3.9375
1755138790.619797,0.1125,0,-0.9495668564358084,-3.9609374999999996
1755138790.655999,0.1125,0,-0.9443504035796337,-3.9609374999999996
1755138790.688985,0.1125,0,-1.2659990003947286,-3.984375
1755138790.7232058,0.11484375,0,-1.2730300200567086,-4.0078125
1755138790.757343,0.11484375,0,-1.2730300200567086,-4.03125
1755138790.7912672,0.11640625,0,-1.2730300200567086,-4.0078125
1755138790.825242,0.11640625,0,-1.2590452071752622,-4.078125
1755138790.8577762,0.115625,0,-0.9495668564358084,-4.078125
1755138790.888774,0.11640625,0,-0.9495668564358084,-4.078125
1755138790.923025,0.1171875,0,-1.2730300200567086,-4.1015625
1755138790.956179,0.1171875,0,-1.5911402711945755,-4.1015625
1755138790.989486,0.1171875,0,-1.2730300200567086,-4.125
1755138791.0234098,0.11796875,0,-1.2730300200567086,-4.125
1755138791.056865,0.11796875,0,-1.2659990003947286,-4.125
1755138791.088005,0.11875,0,-1.280139559604919,-4.1484375
1755138791.1235929,0.11875,0,-1.2730300200567086,-4.125
1755138791.156577,0.11796875,0,-1.2730300200567086,-4.125
1755138791.189604,0.11796875,0,-1.2659990003947286,-4.125
1755138791.2230332,0.11875,0,-1.280139559604919,-4.125
1755138791.256326,0.11875,0,-1.2730300200567086,-4.125
1755138791.289254,0.11796875,0,-1.2730300200567086,-4.1015625
1755138791.3233302,0.11796875,0,-0.9548412538721749,-4.1015625
1755138791.356771,0.11875,0,-1.2590452071752622,-4.1015625
1755138791.390416,0.11875,0,-1.2590452071752622,-4.1015625
1755138791.4233,0.11875,0,-1.2590452071752622,-4.125
1755138791.4564018,0.11796875,0,-1.2590452071752622,-4.1015625
1755138791.490835,0.11875,0,-0.9495668564358084,-4.1015625
1755138791.527947,0.11875,0,-1.2590452071752622,-4.1015625
1755138791.559392,0.11796875,0,-1.2659990003947286,-4.125
1755138791.591241,0.11796875,0,-1.280139559604919,-4.1015625
1755138791.6250749,0.11796875,0,-1.280139559604919,-4.1015625
1755138791.658262,0.11796875,0,-1.280139559604919,-4.1015625
1755138791.693059,0.11796875,0,-1.6000247151477254,-4.1015625
1755138791.726084,0.1171875,0,-1.6000247151477254,-4.078125
1755138791.759295,0.11796875,0,-1.2873289415250326,-4.078125
1755138791.793489,0.11796875,0,-1.280139559604919,-4.078125
1755138791.826571,0.1171875,0,-0.6437457141753669,-4.0546875
1755138791.860527,0.11796875,0,-0.960174566666339,-4.03125
1755138791.8924649,0.11796875,0,-1.280139559604919,-4.0546875
1755138791.92639,0.1171875,0,-1.2730300200567086,-4.03125
1755138791.959448,0.11640625,0,-1.280139559604919,-4.0546875
1755138791.993757,0.1140625,0,-1.5823539226186085,-4.0078125
1755138792.026955,0.10859375,0,-1.5823539226186085,-3.9609374999999996
1755138792.05911,0.10625,0,-1.5911402711945755,-3.8906250000000004
1755138792.0924811,0.1046875,0,-1.280139559604919,-3.8671875
1755138792.1261299,0.1046875,0,-1.2730300200567086,-3.8671875
1755138792.1594298,0.1046875,0,-1.280139559604919,-3.8437499999999996
1755138792.1890602,0.10390625,0,-0.9495668564358084,-3.8437499999999996
1755138792.2236118,0.103125,0,-0.6295986084102623,-3.8437499999999996
1755138792.257534,0.1015625,0,-0.6330767714311349,-3.8437499999999996
1755138792.292044,0.1015625,0,-0.9548412538721749,-3.796875
1755138792.325811,0.1,0,-0.960174566666339,-3.8203125
1755138792.358879,0.09921875,0,-1.2945995181642758,-3.796875
1755138792.391262,0.09921875,0,-0.960174566666339,-3.7734375000000004
1755138792.42368,0.1,0,-1.2873289415250326,-3.7734375000000004
1755138792.4572449,0.1,0,-1.6090089060473929,-3.7734375000000004
1755138792.491559,0.09921875,0,-0.9655677874009143,-3.7734375000000004
1755138792.5249531,0.09921875,0,-1.2873289415250326,-3.7734375000000004
1755138792.558165,0.09921875,0,-1.2873289415250326,-3.75
1755138792.59233,0.09921875,0,-0.6437457141753669,-3.796875
1755138792.62412,0.1046875,0,-0.6473823869418709,-3.703125
1755138792.657635,0.10234375,0,-0.6510603802294952,-3.6796875
1755138792.691083,0.10625,0,-0.6473823869418709,-3.7734375000000004
1755138792.724684,0.11015625,0,-0.9765380357615641,-3.8671875
1755138792.756256,0.11328125,0,-1.2873289415250326,-3.8906250000000004
1755138792.7859159,0.1140625,0,-1.6090089060473929,-3.9375
1755138792.817929,0.11328125,0,-0.9765380357615641,-3.9609374999999996
1755138792.853811,0.11171875,0,-1.2945995181642758,-3.9609374999999996
1755138792.8876102,0.1125,0,-0.9765380357615641,-3.9609374999999996
1755138792.921823,0.1125,0,-0.9655677874009143,-4.0078125
